Workbook

Sheet Hoja1
A1: ID | B1: Épica | C1: Requisito | D1: Prioridad MoSCoW | E1: Justificación por valor | F1: Justificación por riesgo | G1: Justificación por dependencias | H1: Estimación Raúl (h) | I1: Estimación Alfonso (h) | J1: Estimación Juan Antonio (h) | K1: Estimación Javier (h) | L1: Estimación Manuel (h) | M1: Estimación inicial (h-persona) | N1: Estimación consensuada (h-persona) | O1: Dependencias | P1: Iteración | Q1: Responsables y horas de requisitos | R1: Estado | S1: Orden de inicio en iteración
A2: US-001 | B2: EP-001 | C2: Registro de usuario | D2: MUST | E2: Es necesario para que los asistentes puedan disponer de una cuenta y utilizar las funcionalidades destinadas a usuarios registrados. | F2: Si el registro no funciona correctamente, los nuevos usuarios no podrán acceder a las funcionalidades que requieren una cuenta. | G2: Es requisito previo para US-002 cuando se trate de usuarios creados mediante registro. | H2: 6 | I2: 7 | J2: 8 | K2: 7 | L2: 8 | M2: 7 | N2: 6 | O2: Ninguna | P2: IT-001 | Q2: Javi López (2 h) + Juan Antonio (2 h) + Raúl Arias (2 h) | R2: Pendiente | S2: 1
A3: US-002 | B3: EP-001 | C3: Inicio y cierre de sesión | D3: MUST | E3: Es fundamental para identificar a los usuarios y permitir el acceso a las funcionalidades correspondientes a cada rol. | F3: Un fallo en la autenticación puede permitir accesos incorrectos o impedir el uso de gran parte de la plataforma. | G3: Es dependencia de US-003, US-004, US-006, US-007, US-008, US-010, US-011, US-013, US-014, US-016, US-018 y determinadas operaciones de US-019. | H3: 7 | I3: 8 | J3: 9 | K3: 8 | L3: 9 | M3: 8 | N3: 7 | O3: US-001 | P3: IT-002 | Q3: Alfonso Guillén (4.5 h) + Raúl Arias (2.5 h) | R3: Pendiente | S3: 1
A4: US-003 | B4: EP-001 | C4: Consulta y modificación del perfil | D4: SHOULD | E4: Aporta autonomía al usuario para consultar y mantener actualizada la información de su cuenta. | F4: Su ausencia reduce la experiencia del usuario, pero no impide el funcionamiento de las funcionalidades principales. | G4: Depende de US-002 para garantizar que cada usuario acceda a su propio perfil. | H4: 4 | I4: 5 | J4: 6 | K4: 5 | L4: 5 | M4: 5 | N4: 4 | O4: US-002 | P4: IT-003 | Q4: Juan Antonio (2 h) + Raúl Arias (2 h) | R4: Pendiente | S4: 1
A5: US-004 | B5: EP-001 | C5: Gestión de usuarios por administrador | D5: MUST | E5: Permite al administrador controlar y mantener las cuentas utilizadas en la plataforma. | F5: Una gestión incorrecta de usuarios puede provocar problemas de permisos y de integridad de la información. | G5: Depende de US-002, ya que el administrador debe estar autenticado. | H5: 7 | I5: 8 | J5: 9 | K5: 8 | L5: 9 | M5: 8 | N5: 7 | O5: US-002 | P5: IT-006 | Q5: Alfonso Guillén (2.25 h) + Juan Antonio (4.75 h) | R5: Pendiente | S5: 1
A6: US-005 | B6: EP-002 | C6: Consulta de entradas disponibles | D6: MUST | E6: La consulta de entradas es una de las funcionalidades principales de una plataforma relacionada con un festival. | F6: Si la información de disponibilidad es incorrecta, el usuario podría intentar adquirir entradas que no están disponibles. | G6: Es requisito previo para US-006 y está relacionada con US-008, que mantiene la información de las entradas. | H6: 4 | I6: 5 | J6: 6 | K6: 5 | L6: 5 | M6: 5 | N6: 4 | O6: Ninguna | P6: IT-002 | Q6: Javi López (2 h) + Manuel Lorenzo (2 h) | R6: Pendiente | S6: 2
A7: US-006 | B7: EP-002 | C7: Adquisición simulada de entradas | D7: MUST | E7: Permite representar una de las operaciones principales del sistema sin realizar pagos económicos reales. | F7: Un fallo puede producir adquisiciones incorrectas o inconsistencias en la disponibilidad de las entradas. | G7: Depende de US-002 para identificar al usuario y de US-005 para seleccionar una entrada disponible. | H7: 8 | I7: 9 | J7: 10 | K7: 9 | L7: 10 | M7: 9 | N7: 8 | O7: US-002, US-005 | P7: IT-004 | Q7: Javi López (3 h) + Manuel Lorenzo (3 h) + Juan Antonio (2 h) | R7: Pendiente | S7: 1
A8: US-007 | B8: EP-002 | C8: Consulta de entradas adquiridas | D8: SHOULD | E8: Permite al usuario revisar las entradas que tiene asociadas a su cuenta. | F8: Si falla, el usuario pierde visibilidad sobre sus adquisiciones, aunque el resto del sistema puede seguir funcionando. | G8: Depende de US-002 y US-006, ya que es necesario identificar al usuario y disponer de adquisiciones registradas. | H8: 4 | I8: 5 | J8: 6 | K8: 5 | L8: 5 | M8: 5 | N8: 4 | O8: US-002, US-006 | P8: IT-005 | Q8: Juan Antonio (2 h) + Raúl Arias (2 h) | R8: Pendiente | S8: 1
A9: US-008 | B9: EP-002 | C9: Gestión de entradas por administrador | D9: MUST | E9: Permite mantener actualizado el catálogo y la disponibilidad de las entradas que posteriormente consultan los usuarios. | F9: Una gestión incorrecta puede provocar información errónea sobre tipos de entrada o disponibilidad. | G9: Depende de US-002 para el acceso administrativo y está relacionada con US-005 y US-006. | H9: 7 | I9: 8 | J9: 9 | K9: 8 | L9: 9 | M9: 8 | N9: 7 | O9: US-002, US-005 | P9: IT-003 | Q9: Javi López (2.75 h) + Raúl Arias (4.25 h) | R9: Pendiente | S9: 2
A10: US-009 | B10: EP-003 | C10: Consulta y filtrado de espacios disponibles | D10: MUST | E10: Permite a los usuarios conocer y localizar los espacios disponibles en la plataforma. | F10: Información incorrecta sobre los espacios puede afectar a las funcionalidades posteriores relacionadas con ellos. | G10: Es requisito previo para US-010 y está relacionada con US-011. | H10: 5 | I10: 6 | J10: 7 | K10: 6 | L10: 6 | M10: 6 | N10: 5 | O10: Ninguna | P10: IT-001 | Q10: Manuel Lorenzo (5 h) | R10: Pendiente | S10: 2
A11: US-010 | B11: EP-003 | C11: Reserva de un espacio | D11: SHOULD | E11: Permite al usuario realizar una operación sobre los espacios consultados y amplía la utilidad del módulo. | F11: Una reserva incorrecta puede producir conflictos de disponibilidad o reservas duplicadas. | G11: Depende de US-002 para identificar al usuario y de US-009 para consultar los espacios disponibles. | H11: 8 | I11: 9 | J11: 10 | K11: 9 | L11: 10 | M11: 9 | N11: 8 | O11: US-002, US-009 | P11: IT-005 | Q11: Manuel Lorenzo (6 h) + Raúl Arias (2 h) | R11: Pendiente | S11: 2
A12: US-011 | B12: EP-003 | C12: Gestión de espacios | D12: MUST | E12: Permite mantener actualizada la información y disponibilidad de los espacios utilizados por el sistema. | F12: Una gestión incorrecta puede provocar que los usuarios consulten o intenten reservar espacios que no deberían estar disponibles. | G12: Depende de US-002 para controlar el acceso a las funciones de gestión y está relacionada con US-009 y US-010. | H12: 7 | I12: 8 | J12: 9 | K12: 8 | L12: 9 | M12: 8 | N12: 7 | O12: US-002, US-009 | P12: IT-006 | Q12: Javi López (3 h) + Manuel Lorenzo (2 h) + Raúl Arias (2 h) | R12: Pendiente | S12: 2
A13: US-012 | B13: EP-004 | C13: Consulta de servicios | D13: MUST | E13: Permite conocer los servicios disponibles en Subsonic Festival y constituye la base funcional del módulo de servicios. | F13: Información incorrecta puede provocar que el usuario seleccione servicios que no están disponibles. | G13: Es requisito previo para US-013 y está relacionada con US-014. | H13: 4 | I13: 5 | J13: 6 | K13: 5 | L13: 5 | M13: 5 | N13: 4 | O13: Ninguna | P13: IT-002 | Q13: Juan Antonio (4 h) | R13: Pendiente | S13: 3
... A20: US-019 | B20: EP-007 | C20: Registro y gestión de incidencias | D20: SHOULD | E20: Permite comunicar problemas y realizar un seguimiento organizado de las incidencias registradas en la plataforma. | F20: Si no está disponible, los usuarios pierden un mecanismo de comunicación de problemas, aunque las funciones principales pueden seguir utilizándose. | G20: Depende de US-002 para aquellas operaciones que requieran identificar al usuario o acceder a funciones administrativas. | H20: 8 | I20: 9 | J20: 10 | K20: 9 | L20: 10 | M20: 9 | N20: 8 | O20: US-002 | P20: IT-004 | Q20: Alfonso Guillén (3.75 h) + Raúl Arias (4.25 h) | R20: Pendiente | S20: 2
A21: TOTAL | M21: =SUM(M2:M20) -> 135 | N21: =SUM(N2:N20) -> 115

Sheet Reparto
A1: Historia | B1: Épica | C1: Iteración | D1: Estimación requisito (h) | E1: Javi López | F1: Alfonso Guillén | G1: Manuel Lorenzo | H1: Juan Antonio | I1: Raúl Arias | J1: Total repartido (h) | K1: Diferencia (h) | L1: Comprobación
A2: US-001 | B2: EP-001 | C2: IT-001 | D2: 6 | E2: 2 | F2: 0 | G2: 0 | H2: 2 | I2: 2 | J2: =SUM(E2:I2) -> 6 | K2: =J2-D2 -> 0 | L2: =IF(K2=0,"OK","REVISAR") -> OK
A3: US-002 | B3: EP-001 | C3: IT-002 | D3: 7 | E3: 0 | F3: 4.5 | G3: 0 | H3: 0 | I3: 2.5 | J3: =SUM(E3:I3) -> 7 | K3: =J3-D3 -> 0 | L3: =IF(K3=0,"OK","REVISAR") -> OK
A4: US-003 | B4: EP-001 | C4: IT-003 | D4: 4 | E4: 0 | F4: 0 | G4: 0 | H4: 2 | I4: 2 | J4: =SUM(E4:I4) -> 4 | K4: =J4-D4 -> 0 | L4: =IF(K4=0,"OK","REVISAR") -> OK
A5: US-004 | B5: EP-001 | C5: IT-006 | D5: 7 | E5: 0 | F5: 2.25 | G5: 0 | H5: 4.75 | I5: 0 | J5: =SUM(E5:I5) -> 7 | K5: =J5-D5 -> 0 | L5: =IF(K5=0,"OK","REVISAR") -> OK
A6: US-005 | B6: EP-002 | C6: IT-002 | D6: 4 | E6: 2 | F6: 0 | G6: 2 | H6: 0 | I6: 0 | J6: =SUM(E6:I6) -> 4 | K6: =J6-D6 -> 0 | L6: =IF(K6=0,"OK","REVISAR") -> OK
A7: US-006 | B7: EP-002 | C7: IT-004 | D7: 8 | E7: 3 | F7: 0 | G7: 3 | H7: 2 | I7: 0 | J7: =SUM(E7:I7) -> 8 | K7: =J7-D7 -> 0 | L7: =IF(K7=0,"OK","REVISAR") -> OK
A8: US-007 | B8: EP-002 | C8: IT-005 | D8: 4 | E8: 0 | F8: 0 | G8: 0 | H8: 2 | I8: 2 | J8: =SUM(E8:I8) -> 4 | K8: =J8-D8 -> 0 | L8: =IF(K8=0,"OK","REVISAR") -> OK
A9: US-008 | B9: EP-002 | C9: IT-003 | D9: 7 | E9: 2.75 | F9: 0 | G9: 0 | H9: 0 | I9: 4.25 | J9: =SUM(E9:I9) -> 7 | K9: =J9-D9 -> 0 | L9: =IF(K9=0,"OK","REVISAR") -> OK
A10: US-009 | B10: EP-003 | C10: IT-001 | D10: 5 | E10: 0 | F10: 0 | G10: 5 | H10: 0 | I10: 0 | J10: =SUM(E10:I10) -> 5 | K10: =J10-D10 -> 0 | L10: =IF(K10=0,"OK","REVISAR") -> OK
A11: US-010 | B11: EP-003 | C11: IT-005 | D11: 8 | E11: 0 | F11: 0 | G11: 6 | H11: 0 | I11: 2 | J11: =SUM(E11:I11) -> 8 | K11: =J11-D11 -> 0 | L11: =IF(K11=0,"OK","REVISAR") -> OK
A12: US-011 | B12: EP-003 | C12: IT-006 | D12: 7 | E12: 3 | F12: 0 | G12: 2 | H12: 0 | I12: 2 | J12: =SUM(E12:I12) -> 7 | K12: =J12-D12 -> 0 | L12: =IF(K12=0,"OK","REVISAR") -> OK
A13: US-012 | B13: EP-004 | C13: IT-002 | D13: 4 | E13: 0 | F13: 0 | G13: 0 | H13: 4 | I13: 0 | J13: =SUM(E13:I13) -> 4 | K13: =J13-D13 -> 0 | L13: =IF(K13=0,"OK","REVISAR") -> OK
... A20: US-019 | B20: EP-007 | C20: IT-004 | D20: 8 | E20: 0 | F20: 3.75 | G20: 0 | H20: 0 | I20: 4.25 | J20: =SUM(E20:I20) -> 8 | K20: =J20-D20 -> 0 | L20: =IF(K20=0,"OK","REVISAR") -> OK
A21: TOTAL | D21: =SUM(D2:D20) -> 115 | E21: =SUM(E2:E20) -> 23 | F21: =SUM(F2:F20) -> 23 | G21: =SUM(G2:G20) -> 23 | H21: =SUM(H2:H20) -> 23 | I21: =SUM(I2:I20) -> 23 | J21: =SUM(J2:J20) -> 115 | K21: =SUM(K2:K20) -> 0 | L21: =IF(K21=0,"OK","REVISAR") -> OK

Sheet Planificacion inicial
A1: Integrante | B1: Capacidad semanal (h) | C1: IT-001 | D1: IT-002 | E1: IT-003 | F1: IT-004 | G1: IT-005 | H1: IT-006 | I1: Total requisitos (h) | J1: Capacidad 6 semanas (h) | K1: Horas disponibles (h) | L1: Tarifa (€/h) | M1: Coste requisitos (€)
A2: Javi López | B2: 6.25 | C2: =SUMIFS(Reparto!$E$2:$E$20,Reparto!$C$2:$C$20,C$1) -> 2 | D2: =SUMIFS(Reparto!$E$2:$E$20,Reparto!$C$2:$C$20,D$1) -> 2 | E2: =SUMIFS(Reparto!$E$2:$E$20,Reparto!$C$2:$C$20,E$1) -> 5.25 | F2: =SUMIFS(Reparto!$E$2:$E$20,Reparto!$C$2:$C$20,F$1) -> 5 | G2: =SUMIFS(Reparto!$E$2:$E$20,Reparto!$C$2:$C$20,G$1) -> 3.75 | H2: =SUMIFS(Reparto!$E$2:$E$20,Reparto!$C$2:$C$20,H$1) -> 5 | I2: =SUM(C2:H2) -> 23 | J2: =B2*6 -> 37.5 | K2: =J2-I2 -> 14.5 | L2: 35 | M2: =I2*L2 -> 805
A3: Alfonso Guillén | B3: 6.25 | C3: =SUMIFS(Reparto!$F$2:$F$20,Reparto!$C$2:$C$20,C$1) -> 4 | D3: =SUMIFS(Reparto!$F$2:$F$20,Reparto!$C$2:$C$20,D$1) -> 4.5 | E3: =SUMIFS(Reparto!$F$2:$F$20,Reparto!$C$2:$C$20,E$1) -> 2.5 | F3: =SUMIFS(Reparto!$F$2:$F$20,Reparto!$C$2:$C$20,F$1) -> 3.75 | G3: =SUMIFS(Reparto!$F$2:$F$20,Reparto!$C$2:$C$20,G$1) -> 6 | H3: =SUMIFS(Reparto!$F$2:$F$20,Reparto!$C$2:$C$20,H$1) -> 2.25 | I3: =SUM(C3:H3) -> 23 | J3: =B3*6 -> 37.5 | K3: =J3-I3 -> 14.5 | L3: 30 | M3: =I3*L3 -> 690
A4: Manuel Lorenzo | B4: 6.25 | C4: =SUMIFS(Reparto!$G$2:$G$20,Reparto!$C$2:$C$20,C$1) -> 5 | D4: =SUMIFS(Reparto!$G$2:$G$20,Reparto!$C$2:$C$20,D$1) -> 2 | E4: =SUMIFS(Reparto!$G$2:$G$20,Reparto!$C$2:$C$20,E$1) -> 0 | F4: =SUMIFS(Reparto!$G$2:$G$20,Reparto!$C$2:$C$20,F$1) -> 5 | G4: =SUMIFS(Reparto!$G$2:$G$20,Reparto!$C$2:$C$20,G$1) -> 6 | H4: =SUMIFS(Reparto!$G$2:$G$20,Reparto!$C$2:$C$20,H$1) -> 5 | I4: =SUM(C4:H4) -> 23 | J4: =B4*6 -> 37.5 | K4: =J4-I4 -> 14.5 | L4: 40 | M4: =I4*L4 -> 920
A5: Juan Antonio | B5: 6.25 | C5: =SUMIFS(Reparto!$H$2:$H$20,Reparto!$C$2:$C$20,C$1) -> 2 | D5: =SUMIFS(Reparto!$H$2:$H$20,Reparto!$C$2:$C$20,D$1) -> 4 | E5: =SUMIFS(Reparto!$H$2:$H$20,Reparto!$C$2:$C$20,E$1) -> 4 | F5: =SUMIFS(Reparto!$H$2:$H$20,Reparto!$C$2:$C$20,F$1) -> 2 | G5: =SUMIFS(Reparto!$H$2:$H$20,Reparto!$C$2:$C$20,G$1) -> 6.25 | H5: =SUMIFS(Reparto!$H$2:$H$20,Reparto!$C$2:$C$20,H$1) -> 4.75 | I5: =SUM(C5:H5) -> 23 | J5: =B5*6 -> 37.5 | K5: =J5-I5 -> 14.5 | L5: 35 | M5: =I5*L5 -> 805
A6: Raúl Arias | B6: 6.25 | C6: =SUMIFS(Reparto!$I$2:$I$20,Reparto!$C$2:$C$20,C$1) -> 2 | D6: =SUMIFS(Reparto!$I$2:$I$20,Reparto!$C$2:$C$20,D$1) -> 2.5 | E6: =SUMIFS(Reparto!$I$2:$I$20,Reparto!$C$2:$C$20,E$1) -> 6.25 | F6: =SUMIFS(Reparto!$I$2:$I$20,Reparto!$C$2:$C$20,F$1) -> 4.25 | G6: =SUMIFS(Reparto!$I$2:$I$20,Reparto!$C$2:$C$20,G$1) -> 4 | H6: =SUMIFS(Reparto!$I$2:$I$20,Reparto!$C$2:$C$20,H$1) -> 4 | I6: =SUM(C6:H6) -> 23 | J6: =B6*6 -> 37.5 | K6: =J6-I6 -> 14.5 | L6: 25 | M6: =I6*L6 -> 575
A7: TOTAL EQUIPO | B7: =SUM(B2:B6) -> 31.25 | C7: =SUM(C2:C6) -> 15 | D7: =SUM(D2:D6) -> 15 | E7: =SUM(E2:E6) -> 18 | F7: =SUM(F2:F6) -> 20 | G7: =SUM(G2:G6) -> 26 | H7: =SUM(H2:H6) -> 21 | I7: =SUM(I2:I6) -> 115 | J7: =SUM(J2:J6) -> 187.5 | K7: 72,50 (para reuniones y revisiones) | M7: =SUM(M2:M6) -> 3795
A10: Iteración | B10: Horas requisitos | C10: Capacidad equipo (h) | D10: Horas disponibles
A11: IT-001 | B11: =SUMIF(Reparto!$C$2:$C$20,A11,Reparto!$D$2:$D$20) -> 15 | C11: =$B$7 -> 31.25 | D11: =C11-B11 -> 16.25
A12: IT-002 | B12: =SUMIF(Reparto!$C$2:$C$20,A12,Reparto!$D$2:$D$20) -> 15 | C12: =$B$7 -> 31.25 | D12: =C12-B12 -> 16.25
A13: IT-003 | B13: =SUMIF(Reparto!$C$2:$C$20,A13,Reparto!$D$2:$D$20) -> 18 | C13: =$B$7 -> 31.25 | D13: =C13-B13 -> 13.25
A14: IT-004 | B14: =SUMIF(Reparto!$C$2:$C$20,A14,Reparto!$D$2:$D$20) -> 20 | C14: =$B$7 -> 31.25 | D14: =C14-B14 -> 11.25
A15: IT-005 | B15: =SUMIF(Reparto!$C$2:$C$20,A15,Reparto!$D$2:$D$20) -> 26 | C15: =$B$7 -> 31.25 | D15: =C15-B15 -> 5.25
A16: IT-006 | B16: =SUMIF(Reparto!$C$2:$C$20,A16,Reparto!$D$2:$D$20) -> 21 | C16: =$B$7 -> 31.25 | D16: =C16-B16 -> 10.25
A17: TOTAL | B17: =SUM(B11:B16) -> 115 | C17: =SUM(C11:C16) -> 187.5 | D17: =SUM(D11:D16) -> 72.5

Sheet Dependencias
A1: Historia | B1: Predecesora | C1: Iteración historia | D1: Iteración predecesora | E1: Comprobación
A2: US-002 | B2: US-001 | C2: =IFERROR(INDEX(Hoja1!$P$2:$P$20,MATCH(A2,Hoja1!$A$2:$A$20,0)),"NO EXISTE") -> IT-002 | D2: =IFERROR(INDEX(Hoja1!$P$2:$P$20,MATCH(B2,Hoja1!$A$2:$A$20,0)),"NO EXISTE") -> IT-001 | E2: =IF(OR(C2="NO EXISTE",D2="NO EXISTE"),"REVISAR",IF(C2>D2,"OK","REVISAR ORDEN")) -> OK
A3: US-003 | B3: US-002 | C3: =IFERROR(INDEX(Hoja1!$P$2:$P$20,MATCH(A3,Hoja1!$A$2:$A$20,0)),"NO EXISTE") -> IT-003 | D3: =IFERROR(INDEX(Hoja1!$P$2:$P$20,MATCH(B3,Hoja1!$A$2:$A$20,0)),"NO EXISTE") -> IT-002 | E3: =IF(OR(C3="NO EXISTE",D3="NO EXISTE"),"REVISAR",IF(C3>D3,"OK","REVISAR ORDEN")) -> OK
A4: US-004 | B4: US-002 | C4: =IFERROR(INDEX(Hoja1!$P$2:$P$20,MATCH(A4,Hoja1!$A$2:$A$20,0)),"NO EXISTE") -> IT-006 | D4: =IFERROR(INDEX(Hoja1!$P$2:$P$20,MATCH(B4,Hoja1!$A$2:$A$20,0)),"NO EXISTE") -> IT-002 | E4: =IF(OR(C4="NO EXISTE",D4="NO EXISTE"),"REVISAR",IF(C4>D4,"OK","REVISAR ORDEN")) -> OK
A5: US-006 | B5: US-002 | C5: =IFERROR(INDEX(Hoja1!$P$2:$P$20,MATCH(A5,Hoja1!$A$2:$A$20,0)),"NO EXISTE") -> IT-004 | D5: =IFERROR(INDEX(Hoja1!$P$2:$P$20,MATCH(B5,Hoja1!$A$2:$A$20,0)),"NO EXISTE") -> IT-002 | E5: =IF(OR(C5="NO EXISTE",D5="NO EXISTE"),"REVISAR",IF(C5>D5,"OK","REVISAR ORDEN")) -> OK
A6: US-006 | B6: US-005 | C6: =IFERROR(INDEX(Hoja1!$P$2:$P$20,MATCH(A6,Hoja1!$A$2:$A$20,0)),"NO EXISTE") -> IT-004 | D6: =IFERROR(INDEX(Hoja1!$P$2:$P$20,MATCH(B6,Hoja1!$A$2:$A$20,0)),"NO EXISTE") -> IT-002 | E6: =IF(OR(C6="NO EXISTE",D6="NO EXISTE"),"REVISAR",IF(C6>D6,"OK","REVISAR ORDEN")) -> OK
A7: US-007 | B7: US-002 | C7: =IFERROR(INDEX(Hoja1!$P$2:$P$20,MATCH(A7,Hoja1!$A$2:$A$20,0)),"NO EXISTE") -> IT-005 | D7: =IFERROR(INDEX(Hoja1!$P$2:$P$20,MATCH(B7,Hoja1!$A$2:$A$20,0)),"NO EXISTE") -> IT-002 | E7: =IF(OR(C7="NO EXISTE",D7="NO EXISTE"),"REVISAR",IF(C7>D7,"OK","REVISAR ORDEN")) -> OK
A8: US-007 | B8: US-006 | C8: =IFERROR(INDEX(Hoja1!$P$2:$P$20,MATCH(A8,Hoja1!$A$2:$A$20,0)),"NO EXISTE") -> IT-005 | D8: =IFERROR(INDEX(Hoja1!$P$2:$P$20,MATCH(B8,Hoja1!$A$2:$A$20,0)),"NO EXISTE") -> IT-004 | E8: =IF(OR(C8="NO EXISTE",D8="NO EXISTE"),"REVISAR",IF(C8>D8,"OK","REVISAR ORDEN")) -> OK
A9: US-008 | B9: US-002 | C9: =IFERROR(INDEX(Hoja1!$P$2:$P$20,MATCH(A9,Hoja1!$A$2:$A$20,0)),"NO EXISTE") -> IT-003 | D9: =IFERROR(INDEX(Hoja1!$P$2:$P$20,MATCH(B9,Hoja1!$A$2:$A$20,0)),"NO EXISTE") -> IT-002 | E9: =IF(OR(C9="NO EXISTE",D9="NO EXISTE"),"REVISAR",IF(C9>D9,"OK","REVISAR ORDEN")) -> OK
A10: US-008 | B10: US-005 | C10: =IFERROR(INDEX(Hoja1!$P$2:$P$20,MATCH(A10,Hoja1!$A$2:$A$20,0)),"NO EXISTE") -> IT-003 | D10: =IFERROR(INDEX(Hoja1!$P$2:$P$20,MATCH(B10,Hoja1!$A$2:$A$20,0)),"NO EXISTE") -> IT-002 | E10: =IF(OR(C10="NO EXISTE",D10="NO EXISTE"),"REVISAR",IF(C10>D10,"OK","REVISAR ORDEN")) -> OK
A11: US-010 | B11: US-002 | C11: =IFERROR(INDEX(Hoja1!$P$2:$P$20,MATCH(A11,Hoja1!$A$2:$A$20,0)),"NO EXISTE") -> IT-005 | D11: =IFERROR(INDEX(Hoja1!$P$2:$P$20,MATCH(B11,Hoja1!$A$2:$A$20,0)),"NO EXISTE") -> IT-002 | E11: =IF(OR(C11="NO EXISTE",D11="NO EXISTE"),"REVISAR",IF(C11>D11,"OK","REVISAR ORDEN")) -> OK
A12: US-010 | B12: US-009 | C12: =IFERROR(INDEX(Hoja1!$P$2:$P$20,MATCH(A12,Hoja1!$A$2:$A$20,0)),"NO EXISTE") -> IT-005 | D12: =IFERROR(INDEX(Hoja1!$P$2:$P$20,MATCH(B12,Hoja1!$A$2:$A$20,0)),"NO EXISTE") -> IT-001 | E12: =IF(OR(C12="NO EXISTE",D12="NO EXISTE"),"REVISAR",IF(C12>D12,"OK","REVISAR ORDEN")) -> OK
A13: US-011 | B13: US-002 | C13: =IFERROR(INDEX(Hoja1!$P$2:$P$20,MATCH(A13,Hoja1!$A$2:$A$20,0)),"NO EXISTE") -> IT-006 | D13: =IFERROR(INDEX(Hoja1!$P$2:$P$20,MATCH(B13,Hoja1!$A$2:$A$20,0)),"NO EXISTE") -> IT-002 | E13: =IF(OR(C13="NO EXISTE",D13="NO EXISTE"),"REVISAR",IF(C13>D13,"OK","REVISAR ORDEN")) -> OK
... A23: US-019 | B23: US-002 | C23: =IFERROR(INDEX(Hoja1!$P$2:$P$20,MATCH(A23,Hoja1!$A$2:$A$20,0)),"NO EXISTE") -> IT-004 | D23: =IFERROR(INDEX(Hoja1!$P$2:$P$20,MATCH(B23,Hoja1!$A$2:$A$20,0)),"NO EXISTE") -> IT-002 | E23: =IF(OR(C23="NO EXISTE",D23="NO EXISTE"),"REVISAR",IF(C23>D23,"OK","REVISAR ORDEN")) -> OK

Sheet Gantt
A1: Historia | B1: Requisito | C1: Iteración | D1: Horas requisito | E1: IT-001 | F1: IT-002 | G1: IT-003 | H1: IT-004 | I1: IT-005 | J1: IT-006
A2: =Hoja1!A2 -> US-001 | B2: =Hoja1!C2 -> Registro de usuario | C2: =Hoja1!P2 -> IT-001 | D2: =Hoja1!N2 -> 6 | F2: =IF($C2=F$1,"■","") | G2: =IF($C2=G$1,"■","") | H2: =IF($C2=H$1,"■","") | I2: =IF($C2=I$1,"■","") | J2: =IF($C2=J$1,"■","")
A3: =Hoja1!A3 -> US-002 | B3: =Hoja1!C3 -> Inicio y cierre de sesión | C3: =Hoja1!P3 -> IT-002 | D3: =Hoja1!N3 -> 7 | E3: =IF($C3=E$1,"■","") | G3: =IF($C3=G$1,"■","") | H3: =IF($C3=H$1,"■","") | I3: =IF($C3=I$1,"■","") | J3: =IF($C3=J$1,"■","")
A4: =Hoja1!A4 -> US-003 | B4: =Hoja1!C4 -> Consulta y modificación del perfil | C4: =Hoja1!P4 -> IT-003 | D4: =Hoja1!N4 -> 4 | E4: =IF($C4=E$1,"■","") | F4: =IF($C4=F$1,"■","") | H4: =IF($C4=H$1,"■","") | I4: =IF($C4=I$1,"■","") | J4: =IF($C4=J$1,"■","")
A5: =Hoja1!A5 -> US-004 | B5: =Hoja1!C5 -> Gestión de usuarios por administrador | C5: =Hoja1!P5 -> IT-006 | D5: =Hoja1!N5 -> 7 | E5: =IF($C5=E$1,"■","") | F5: =IF($C5=F$1,"■","") | G5: =IF($C5=G$1,"■","") | H5: =IF($C5=H$1,"■","") | I5: =IF($C5=I$1,"■","")
A6: =Hoja1!A6 -> US-005 | B6: =Hoja1!C6 -> Consulta de entradas disponibles | C6: =Hoja1!P6 -> IT-002 | D6: =Hoja1!N6 -> 4 | E6: =IF($C6=E$1,"■","") | G6: =IF($C6=G$1,"■","") | H6: =IF($C6=H$1,"■","") | I6: =IF($C6=I$1,"■","") | J6: =IF($C6=J$1,"■","")
A7: =Hoja1!A7 -> US-006 | B7: =Hoja1!C7 -> Adquisición simulada de entradas | C7: =Hoja1!P7 -> IT-004 | D7: =Hoja1!N7 -> 8 | E7: =IF($C7=E$1,"■","") | F7: =IF($C7=F$1,"■","") | G7: =IF($C7=G$1,"■","") | I7: =IF($C7=I$1,"■","") | J7: =IF($C7=J$1,"■","")
A8: =Hoja1!A8 -> US-007 | B8: =Hoja1!C8 -> Consulta de entradas adquiridas | C8: =Hoja1!P8 -> IT-005 | D8: =Hoja1!N8 -> 4 | E8: =IF($C8=E$1,"■","") | F8: =IF($C8=F$1,"■","") | G8: =IF($C8=G$1,"■","") | H8: =IF($C8=H$1,"■","") | J8: =IF($C8=J$1,"■","")
A9: =Hoja1!A9 -> US-008 | B9: =Hoja1!C9 -> Gestión de entradas por administrador | C9: =Hoja1!P9 -> IT-003 | D9: =Hoja1!N9 -> 7 | E9: =IF($C9=E$1,"■","") | F9: =IF($C9=F$1,"■","") | H9: =IF($C9=H$1,"■","") | I9: =IF($C9=I$1,"■","") | J9: =IF($C9=J$1,"■","")
A10: =Hoja1!A10 -> US-009 | B10: =Hoja1!C10 -> Consulta y filtrado de espacios disponibles | C10: =Hoja1!P10 -> IT-001 | D10: =Hoja1!N10 -> 5 | F10: =IF($C10=F$1,"■","") | G10: =IF($C10=G$1,"■","") | H10: =IF($C10=H$1,"■","") | I10: =IF($C10=I$1,"■","") | J10: =IF($C10=J$1,"■","")
A11: =Hoja1!A11 -> US-010 | B11: =Hoja1!C11 -> Reserva de un espacio | C11: =Hoja1!P11 -> IT-005 | D11: =Hoja1!N11 -> 8 | E11: =IF($C11=E$1,"■","") | F11: =IF($C11=F$1,"■","") | G11: =IF($C11=G$1,"■","") | H11: =IF($C11=H$1,"■","") | J11: =IF($C11=J$1,"■","")
A12: =Hoja1!A12 -> US-011 | B12: =Hoja1!C12 -> Gestión de espacios | C12: =Hoja1!P12 -> IT-006 | D12: =Hoja1!N12 -> 7 | E12: =IF($C12=E$1,"■","") | F12: =IF($C12=F$1,"■","") | G12: =IF($C12=G$1,"■","") | H12: =IF($C12=H$1,"■","") | I12: =IF($C12=I$1,"■","")
A13: =Hoja1!A13 -> US-012 | B13: =Hoja1!C13 -> Consulta de servicios | C13: =Hoja1!P13 -> IT-002 | D13: =Hoja1!N13 -> 4 | E13: =IF($C13=E$1,"■","") | G13: =IF($C13=G$1,"■","") | H13: =IF($C13=H$1,"■","") | I13: =IF($C13=I$1,"■","") | J13: =IF($C13=J$1,"■","")
A14: =Hoja1!A14 -> US-013 | B14: =Hoja1!C14 -> Adquisición de un servicio | C14: =Hoja1!P14 -> IT-003 | D14: =Hoja1!N14 -> 7 | E14: =IF($C14=E$1,"■","") | F14: =IF($C14=F$1,"■","") | H14: =IF($C14=H$1,"■","") | I14: =IF($C14=I$1,"■","") | J14: =IF($C14=J$1,"■","")
A15: =Hoja1!A15 -> US-014 | B15: =Hoja1!C15 -> Gestión de servicios | C15: =Hoja1!P15 -> IT-006 | D15: =Hoja1!N15 -> 7 | E15: =IF($C15=E$1,"■","") | F15: =IF($C15=F$1,"■","") | G15: =IF($C15=G$1,"■","") | H15: =IF($C15=H$1,"■","") | I15: =IF($C15=I$1,"■","")
A16: =Hoja1!A16 -> US-015 | B16: =Hoja1!C16 -> Consulta de información de proveedores | C16: =Hoja1!P16 -> IT-001 | D16: =Hoja1!N16 -> 4 | F16: =IF($C16=F$1,"■","") | G16: =IF($C16=G$1,"■","") | H16: =IF($C16=H$1,"■","") | I16: =IF($C16=I$1,"■","") | J16: =IF($C16=J$1,"■","")
A17: =Hoja1!A17 -> US-016 | B17: =Hoja1!C17 -> Gestión de proveedores | C17: =Hoja1!P17 -> IT-005 | D17: =Hoja1!N17 -> 6 | E17: =IF($C17=E$1,"■","") | F17: =IF($C17=F$1,"■","") | G17: =IF($C17=G$1,"■","") | H17: =IF($C17=H$1,"■","") | J17: =IF($C17=J$1,"■","")
A18: =Hoja1!A18 -> US-017 | B18: =Hoja1!C18 -> Consulta de productos de merchandising | C18: =Hoja1!P18 -> IT-004 | D18: =Hoja1!N18 -> 4 | E18: =IF($C18=E$1,"■","") | F18: =IF($C18=F$1,"■","") | G18: =IF($C18=G$1,"■","") | I18: =IF($C18=I$1,"■","") | J18: =IF($C18=J$1,"■","")
A19: =Hoja1!A19 -> US-018 | B19: =Hoja1!C19 -> Adquisición simulada y gestión de merchandising | C19: =Hoja1!P19 -> IT-005 | D19: =Hoja1!N19 -> 8 | E19: =IF($C19=E$1,"■","") | F19: =IF($C19=F$1,"■","") | G19: =IF($C19=G$1,"■","") | H19: =IF($C19=H$1,"■","") | J19: =IF($C19=J$1,"■","")
A20: =Hoja1!A20 -> US-019 | B20: =Hoja1!C20 -> Registro y gestión de incidencias | C20: =Hoja1!P20 -> IT-004 | D20: =Hoja1!N20 -> 8 | E20: =IF($C20=E$1,"■","") | F20: =IF($C20=F$1,"■","") | G20: =IF($C20=G$1,"■","") | I20: =IF($C20=I$1,"■","") | J20: =IF($C20=J$1,"■","")
A21: TOTAL | D21: =SUM(D2:D20) -> 115
